ID Year,Year,Household Income by Race,Household Income by Race Moe,Geography,ID Geography,Slug Geography
2018,"2018",61937,94,"United States","01000US","united-states"
2018,"2018",56697,406,"Michigan","04000US26","michigan"
2018,"2018",46390,860.9999999999999,"Wayne County, MI","05000US26163","wayne-county-mi"
2018,"2018",31283,779,"Detroit, MI","16000US2622000","detroit-mi"
2018,"2018",60513,602,"Detroit-Warren-Dearborn, MI","31000US19820","detroit-warren-dearborn-mi"
2017,"2017",60336,86,"United States","01000US","united-states"
2017,"2017",54909,439.99999999999994,"Michigan","04000US26","michigan"
2017,"2017",45135,910,"Wayne County, MI","05000US26163","wayne-county-mi"
2017,"2017",30344,1041,"Detroit, MI","16000US2622000","detroit-mi"
2017,"2017",58411,777,"Detroit-Warren-Dearborn, MI","31000US19820","detroit-warren-dearborn-mi"
2016,"2016",57617,115,"United States","01000US","united-states"
2016,"2016",52492,402,"Michigan","04000US26","michigan"
2016,"2016",43464,1134,"Wayne County, MI","05000US26163","wayne-county-mi"
2016,"2016",28099,1120,"Detroit, MI","16000US2622000","detroit-mi"
2016,"2016",56142,588,"Detroit-Warren-Dearborn, MI","31000US19820","detroit-warren-dearborn-mi"
2015,"2015",55775,85,"United States","01000US","united-states"
2015,"2015",51084,244,"Michigan","04000US26","michigan"
2015,"2015",41557,601,"Wayne County, MI","05000US26163","wayne-county-mi"
2015,"2015",25980,872,"Detroit, MI","16000US2622000","detroit-mi"
2015,"2015",53628,774,"Detroit-Warren-Dearborn, MI","31000US19820","detroit-warren-dearborn-mi"
2014,"2014",53657,93,"United States","01000US","united-states"
2014,"2014",49847,385,"Michigan","04000US26","michigan"
2014,"2014",41435,672,"Wayne County, MI","05000US26163","wayne-county-mi"
2014,"2014",25769,855.0000000000001,"Detroit, MI","16000US2622000","detroit-mi"
2014,"2014",52462,528,"Detroit-Warren-Dearborn, MI","31000US19820","detroit-warren-dearborn-mi"
2013,"2013",52250,65,"United States","01000US","united-states"
2013,"2013",48273,378,"Michigan","04000US26","michigan"
2013,"2013",40487,720,"Wayne County, MI","05000US26163","wayne-county-mi"
2013,"2013",24820,946.0000000000001,"Detroit, MI","16000US2622000","detroit-mi"
2013,"2013",51857,582,"Detroit-Warren-Dearborn, MI","31000US19820","detroit-warren-dearborn-mi"